﻿{"frames": {

"Symbol 10000":
{
	"frame": {"x":0,"y":0,"w":739,"h":980},
	"rotated": false,
	"trimmed": false,
	"spriteSourceSize": {"x":0,"y":0,"w":739,"h":980},
	"sourceSize": {"w":739,"h":980}
},
"Symbol 10001":
{
	"frame": {"x":0,"y":0,"w":739,"h":980},
	"rotated": false,
	"trimmed": false,
	"spriteSourceSize": {"x":0,"y":0,"w":739,"h":980},
	"sourceSize": {"w":739,"h":980}
},
"Symbol 10002":
{
	"frame": {"x":0,"y":0,"w":739,"h":980},
	"rotated": false,
	"trimmed": false,
	"spriteSourceSize": {"x":0,"y":0,"w":739,"h":980},
	"sourceSize": {"w":739,"h":980}
},
"Symbol 10003":
{
	"frame": {"x":0,"y":0,"w":739,"h":980},
	"rotated": false,
	"trimmed": false,
	"spriteSourceSize": {"x":0,"y":0,"w":739,"h":980},
	"sourceSize": {"w":739,"h":980}
},
"Symbol 10004":
{
	"frame": {"x":0,"y":0,"w":739,"h":980},
	"rotated": false,
	"trimmed": false,
	"spriteSourceSize": {"x":0,"y":0,"w":739,"h":980},
	"sourceSize": {"w":739,"h":980}
},
"Symbol 10005":
{
	"frame": {"x":0,"y":0,"w":739,"h":980},
	"rotated": false,
	"trimmed": false,
	"spriteSourceSize": {"x":0,"y":0,"w":739,"h":980},
	"sourceSize": {"w":739,"h":980}
},
"Symbol 10006":
{
	"frame": {"x":0,"y":0,"w":739,"h":980},
	"rotated": false,
	"trimmed": false,
	"spriteSourceSize": {"x":0,"y":0,"w":739,"h":980},
	"sourceSize": {"w":739,"h":980}
},
"Symbol 10007":
{
	"frame": {"x":0,"y":0,"w":739,"h":980},
	"rotated": false,
	"trimmed": false,
	"spriteSourceSize": {"x":0,"y":0,"w":739,"h":980},
	"sourceSize": {"w":739,"h":980}
},
"Symbol 10008":
{
	"frame": {"x":0,"y":0,"w":739,"h":980},
	"rotated": false,
	"trimmed": false,
	"spriteSourceSize": {"x":0,"y":0,"w":739,"h":980},
	"sourceSize": {"w":739,"h":980}
},
"Symbol 10009":
{
	"frame": {"x":0,"y":0,"w":739,"h":980},
	"rotated": false,
	"trimmed": false,
	"spriteSourceSize": {"x":0,"y":0,"w":739,"h":980},
	"sourceSize": {"w":739,"h":980}
},
"Symbol 10010":
{
	"frame": {"x":739,"y":0,"w":739,"h":980},
	"rotated": false,
	"trimmed": false,
	"spriteSourceSize": {"x":0,"y":0,"w":739,"h":980},
	"sourceSize": {"w":739,"h":980}
},
"Symbol 10011":
{
	"frame": {"x":739,"y":0,"w":739,"h":980},
	"rotated": false,
	"trimmed": false,
	"spriteSourceSize": {"x":0,"y":0,"w":739,"h":980},
	"sourceSize": {"w":739,"h":980}
},
"Symbol 10012":
{
	"frame": {"x":1478,"y":0,"w":739,"h":980},
	"rotated": false,
	"trimmed": false,
	"spriteSourceSize": {"x":0,"y":0,"w":739,"h":980},
	"sourceSize": {"w":739,"h":980}
},
"Symbol 10013":
{
	"frame": {"x":2217,"y":0,"w":739,"h":980},
	"rotated": false,
	"trimmed": false,
	"spriteSourceSize": {"x":0,"y":0,"w":739,"h":980},
	"sourceSize": {"w":739,"h":980}
},
"Symbol 10014":
{
	"frame": {"x":2956,"y":0,"w":739,"h":980},
	"rotated": false,
	"trimmed": false,
	"spriteSourceSize": {"x":0,"y":0,"w":739,"h":980},
	"sourceSize": {"w":739,"h":980}
},
"Symbol 10015":
{
	"frame": {"x":2956,"y":0,"w":739,"h":980},
	"rotated": false,
	"trimmed": false,
	"spriteSourceSize": {"x":0,"y":0,"w":739,"h":980},
	"sourceSize": {"w":739,"h":980}
},
"Symbol 10016":
{
	"frame": {"x":2956,"y":0,"w":739,"h":980},
	"rotated": false,
	"trimmed": false,
	"spriteSourceSize": {"x":0,"y":0,"w":739,"h":980},
	"sourceSize": {"w":739,"h":980}
},
"Symbol 10017":
{
	"frame": {"x":2956,"y":0,"w":739,"h":980},
	"rotated": false,
	"trimmed": false,
	"spriteSourceSize": {"x":0,"y":0,"w":739,"h":980},
	"sourceSize": {"w":739,"h":980}
},
"Symbol 10018":
{
	"frame": {"x":2956,"y":0,"w":739,"h":980},
	"rotated": false,
	"trimmed": false,
	"spriteSourceSize": {"x":0,"y":0,"w":739,"h":980},
	"sourceSize": {"w":739,"h":980}
},
"Symbol 10019":
{
	"frame": {"x":0,"y":980,"w":739,"h":980},
	"rotated": false,
	"trimmed": false,
	"spriteSourceSize": {"x":0,"y":0,"w":739,"h":980},
	"sourceSize": {"w":739,"h":980}
},
"Symbol 10020":
{
	"frame": {"x":0,"y":980,"w":739,"h":980},
	"rotated": false,
	"trimmed": false,
	"spriteSourceSize": {"x":0,"y":0,"w":739,"h":980},
	"sourceSize": {"w":739,"h":980}
},
"Symbol 10021":
{
	"frame": {"x":739,"y":980,"w":739,"h":980},
	"rotated": false,
	"trimmed": false,
	"spriteSourceSize": {"x":0,"y":0,"w":739,"h":980},
	"sourceSize": {"w":739,"h":980}
},
"Symbol 10022":
{
	"frame": {"x":739,"y":980,"w":739,"h":980},
	"rotated": false,
	"trimmed": false,
	"spriteSourceSize": {"x":0,"y":0,"w":739,"h":980},
	"sourceSize": {"w":739,"h":980}
},
"Symbol 10023":
{
	"frame": {"x":1478,"y":980,"w":739,"h":980},
	"rotated": false,
	"trimmed": false,
	"spriteSourceSize": {"x":0,"y":0,"w":739,"h":980},
	"sourceSize": {"w":739,"h":980}
},
"Symbol 10024":
{
	"frame": {"x":1478,"y":980,"w":739,"h":980},
	"rotated": false,
	"trimmed": false,
	"spriteSourceSize": {"x":0,"y":0,"w":739,"h":980},
	"sourceSize": {"w":739,"h":980}
},
"Symbol 10025":
{
	"frame": {"x":2217,"y":980,"w":739,"h":980},
	"rotated": false,
	"trimmed": false,
	"spriteSourceSize": {"x":0,"y":0,"w":739,"h":980},
	"sourceSize": {"w":739,"h":980}
},
"Symbol 10026":
{
	"frame": {"x":2217,"y":980,"w":739,"h":980},
	"rotated": false,
	"trimmed": false,
	"spriteSourceSize": {"x":0,"y":0,"w":739,"h":980},
	"sourceSize": {"w":739,"h":980}
},
"Symbol 10027":
{
	"frame": {"x":2956,"y":980,"w":739,"h":980},
	"rotated": false,
	"trimmed": false,
	"spriteSourceSize": {"x":0,"y":0,"w":739,"h":980},
	"sourceSize": {"w":739,"h":980}
},
"Symbol 10028":
{
	"frame": {"x":2956,"y":980,"w":739,"h":980},
	"rotated": false,
	"trimmed": false,
	"spriteSourceSize": {"x":0,"y":0,"w":739,"h":980},
	"sourceSize": {"w":739,"h":980}
},
"Symbol 10029":
{
	"frame": {"x":2956,"y":980,"w":739,"h":980},
	"rotated": false,
	"trimmed": false,
	"spriteSourceSize": {"x":0,"y":0,"w":739,"h":980},
	"sourceSize": {"w":739,"h":980}
},
"Symbol 10030":
{
	"frame": {"x":0,"y":1960,"w":739,"h":980},
	"rotated": false,
	"trimmed": false,
	"spriteSourceSize": {"x":0,"y":0,"w":739,"h":980},
	"sourceSize": {"w":739,"h":980}
},
"Symbol 10031":
{
	"frame": {"x":0,"y":1960,"w":739,"h":980},
	"rotated": false,
	"trimmed": false,
	"spriteSourceSize": {"x":0,"y":0,"w":739,"h":980},
	"sourceSize": {"w":739,"h":980}
},
"Symbol 10032":
{
	"frame": {"x":739,"y":1960,"w":739,"h":980},
	"rotated": false,
	"trimmed": false,
	"spriteSourceSize": {"x":0,"y":0,"w":739,"h":980},
	"sourceSize": {"w":739,"h":980}
},
"Symbol 10033":
{
	"frame": {"x":739,"y":1960,"w":739,"h":980},
	"rotated": false,
	"trimmed": false,
	"spriteSourceSize": {"x":0,"y":0,"w":739,"h":980},
	"sourceSize": {"w":739,"h":980}
},
"Symbol 10034":
{
	"frame": {"x":1478,"y":1960,"w":739,"h":980},
	"rotated": false,
	"trimmed": false,
	"spriteSourceSize": {"x":0,"y":0,"w":739,"h":980},
	"sourceSize": {"w":739,"h":980}
},
"Symbol 10035":
{
	"frame": {"x":1478,"y":1960,"w":739,"h":980},
	"rotated": false,
	"trimmed": false,
	"spriteSourceSize": {"x":0,"y":0,"w":739,"h":980},
	"sourceSize": {"w":739,"h":980}
},
"Symbol 10036":
{
	"frame": {"x":1478,"y":1960,"w":739,"h":980},
	"rotated": false,
	"trimmed": false,
	"spriteSourceSize": {"x":0,"y":0,"w":739,"h":980},
	"sourceSize": {"w":739,"h":980}
},
"Symbol 10037":
{
	"frame": {"x":739,"y":1960,"w":739,"h":980},
	"rotated": false,
	"trimmed": false,
	"spriteSourceSize": {"x":0,"y":0,"w":739,"h":980},
	"sourceSize": {"w":739,"h":980}
},
"Symbol 10038":
{
	"frame": {"x":739,"y":1960,"w":739,"h":980},
	"rotated": false,
	"trimmed": false,
	"spriteSourceSize": {"x":0,"y":0,"w":739,"h":980},
	"sourceSize": {"w":739,"h":980}
},
"Symbol 10039":
{
	"frame": {"x":0,"y":1960,"w":739,"h":980},
	"rotated": false,
	"trimmed": false,
	"spriteSourceSize": {"x":0,"y":0,"w":739,"h":980},
	"sourceSize": {"w":739,"h":980}
},
"Symbol 10040":
{
	"frame": {"x":0,"y":1960,"w":739,"h":980},
	"rotated": false,
	"trimmed": false,
	"spriteSourceSize": {"x":0,"y":0,"w":739,"h":980},
	"sourceSize": {"w":739,"h":980}
},
"Symbol 10041":
{
	"frame": {"x":2956,"y":980,"w":739,"h":980},
	"rotated": false,
	"trimmed": false,
	"spriteSourceSize": {"x":0,"y":0,"w":739,"h":980},
	"sourceSize": {"w":739,"h":980}
},
"Symbol 10042":
{
	"frame": {"x":2956,"y":980,"w":739,"h":980},
	"rotated": false,
	"trimmed": false,
	"spriteSourceSize": {"x":0,"y":0,"w":739,"h":980},
	"sourceSize": {"w":739,"h":980}
},
"Symbol 10043":
{
	"frame": {"x":2956,"y":980,"w":739,"h":980},
	"rotated": false,
	"trimmed": false,
	"spriteSourceSize": {"x":0,"y":0,"w":739,"h":980},
	"sourceSize": {"w":739,"h":980}
},
"Symbol 10044":
{
	"frame": {"x":2217,"y":980,"w":739,"h":980},
	"rotated": false,
	"trimmed": false,
	"spriteSourceSize": {"x":0,"y":0,"w":739,"h":980},
	"sourceSize": {"w":739,"h":980}
},
"Symbol 10045":
{
	"frame": {"x":2217,"y":980,"w":739,"h":980},
	"rotated": false,
	"trimmed": false,
	"spriteSourceSize": {"x":0,"y":0,"w":739,"h":980},
	"sourceSize": {"w":739,"h":980}
},
"Symbol 10046":
{
	"frame": {"x":2217,"y":1960,"w":739,"h":980},
	"rotated": false,
	"trimmed": false,
	"spriteSourceSize": {"x":0,"y":0,"w":739,"h":980},
	"sourceSize": {"w":739,"h":980}
},
"Symbol 10047":
{
	"frame": {"x":2217,"y":1960,"w":739,"h":980},
	"rotated": false,
	"trimmed": false,
	"spriteSourceSize": {"x":0,"y":0,"w":739,"h":980},
	"sourceSize": {"w":739,"h":980}
},
"Symbol 10048":
{
	"frame": {"x":2217,"y":1960,"w":739,"h":980},
	"rotated": false,
	"trimmed": false,
	"spriteSourceSize": {"x":0,"y":0,"w":739,"h":980},
	"sourceSize": {"w":739,"h":980}
},
"Symbol 10049":
{
	"frame": {"x":2217,"y":1960,"w":739,"h":980},
	"rotated": false,
	"trimmed": false,
	"spriteSourceSize": {"x":0,"y":0,"w":739,"h":980},
	"sourceSize": {"w":739,"h":980}
}},
"meta": {
	"app": "Adobe Animate",
	"version": "22.0.5.191",
	"image": "7HI.png",
	"format": "RGBA8888",
	"size": {"w":4096,"h":4096},
	"scale": "1"
}
}
